"Qty";"Value";"Device";"Package";"Parts";"Description";"COPYRIGHT";"CUI_PURCHASE_URL";"DESCRIPTION";"DIGI-KEY_PART_NUMBER";"DIGI-KEY_PART_NUMBER_1";"DIGI-KEY_PART_NUMBER_2";"MANUFACTURER_PART_NUMBER";"MF";"MFR_NAME";"MP";"PACKAGE";"PURCHASE-URL";
"1";"";"LED_5MM-5MM-GREEN";"LED_5MM_GREEN";"D1";"LED (Generic)";"";"";"";"";"";"";"";"";"";"";"";"";
"1";"";"SOLDERJUMPEROPENED";"SOLDERJUMPER_OPENED_TRACE_SILK";"JP1";"SMD Solder JUMPER";"";"";"";"";"";"";"";"";"";"";"";"";
"1";"0.1uF";"CAPACITOR-050-030-075";"CAP-050-030X075";"C1";"";"";"";"";"";"";"";"";"";"";"";"";"";
"1";"10K";"RESISTOR-US-0204/5";"RESISTOR_0204/5";"R3";"RESISTOR, American symbol";"";"";"";"";"";"";"";"";"";"";"";"";
"1";"1uF";"CAPACITOR-050-030-075";"CAP-050-030X075";"C2";"";"";"";"";"";"";"";"";"";"";"";"";"";
"1";"22K";"RESISTOR-US-0204/5";"RESISTOR_0204/5";"R2";"RESISTOR, American symbol";"";"";"";"";"";"";"";"";"";"";"";"";
"1";"470K";"RESISTOR-US-0204/5";"RESISTOR_0204/5";"R1";"RESISTOR, American symbol";"";"";"";"";"";"";"";"";"";"";"";"";
"1";"BAT1";"BATTERY-20MM_PTH";"BATTCOM_20MM_PTH";"BAT1";"BATTERY HOLDER COIN 20MM SMD -";"";"";"";"";"";"";"";"";"";"";"";"";
"1";"CD74HC73E";"CD74HC73E";"14-DIP";"U1";"";"Copyright (C) 2022 Ultra Librarian. All rights reserved.";"";"";"";"296-26013-5-ND";"2156-CD74HC73E-ND";"CD74HC73E";"";"Texas Instruments";"";"";"";
"2";"IRLD110-HVM-DIP";"IRLD110-HVM-DIP";"HVM-DIP";"Q1, Q2";"IRLD110 MOSFET";"";"";"";"";"";"";"";"";"";"";"";"";
"1";"JUMPERS-SMT_2_NC_TRACE_SILK";"JUMPERS-SMT_2_NC_TRACE_SILK";"JUMPERS_SMT-JUMPER_2_NC_TRACE_SILK";"JP2";"Normally closed trace jumper";"";"";"";"";"";"";"";"";"";"";"";"";
"1";"JUMPERS-SMT_3_1-NC_TRACE_SILK";"JUMPERS-SMT_3_1-NC_TRACE_SILK";"JUMPERS_SMT-JUMPER_3_1-NC_TRACE_SILK";"JP3";"Normally closed trace jumper (2 of 2 connections)";"";"";"";"";"";"";"";"";"";"";"";"";
"1";"MMC_LABEL-OPENAT";"MMC_LABEL-OPENAT";"LABEL-OPENAT";"U$2";"";"";"";"";"";"";"";"";"";"";"";"";"";
"1";"MMC_LABEL-SW-INPUT";"MMC_LABEL-SW-INPUT";"LABEL-INPUT";"LABEL_INPUT";"";"";"";"";"";"";"";"";"";"";"";"";"";
"1";"MMC_LABEL-SW-OUTPUT";"MMC_LABEL-SW-OUTPUT";"LABEL-OUTPUT";"LABEL_OUTPUT";"";"";"";"";"";"";"";"";"";"";"";"";"";
"1";"MMC_LABEL-SWITCH-LATCH";"MMC_LABEL-SWITCH-LATCH";"LABEL-SWITCH-LATCH";"U$3";"";"";"";"";"";"";"";"";"";"";"";"";"";
"1";"MMC_LABEL-V1.0";"MMC_LABEL-V1.0";"LABEL-V1.0";"U$4";"";"";"";"";"";"";"";"";"";"";"";"";"";
"1";"MMC_LOGO-SM";"MMC_LOGO-SM";"MMC_SMALL_LOGO";"LABEL_LOGO";"";"";"";"";"";"";"";"";"";"";"";"";"";
"1";"MOUNT-HOLE-3.2MM-CLEAR";"MOUNT-HOLE-3.2MM-CLEAR";"HOLE-3.2MM-CLEAR";"H5";"MOUNTING HOLE with drill center marker";"";"";"";"";"";"";"";"";"";"";"";"";
"4";"MOUNT-HOLE-3MM";"MOUNT-HOLE-3MM";"HOLE-3MM";"H1, H2, H3, H4";"MOUNTING HOLE with drill center marker";"";"";"";"";"";"";"";"";"";"";"";"";
"1";"OSHW_LOGO-XSM";"OSHW_LOGO-XSM";"OSHW_X-SMALL_LOGO";"U$1";"";"";"";"";"";"";"";"";"";"";"";"";"";
"2";"SJ-3566AN";"SJ-3566AN";"CUI_SJ-3566AN";"SW1, SW2";"Audio Jack Connector 3.5 mm Right-Angle Stereo Jack w/ SPDT Switch";"";"https://www.cuidevices.com/product/interconnect/connectors/audio-connectors/jacks/sj-356xn-series?utm_source=snapeda.com&utm_medium=referral&utm_campaign=snapedaBOM";" 3.5 mm, Stereo, Right Angle, Through Hole, SPDT Switch, Audio Jack Connector ";"CP-SJ-3566AN-ND";"";"";"";"CUI Devices";"";"SJ-3566AN";"None";"https://pricing.snapeda.com/search/part/SJ-3566AN/?ref=eda";
"1";"SWITCH-SPDT-OS102011";"SWITCH-SPDT-OS102011";"SWITCH_SPDT_11MA1QS1";"S1";"";"";"";"";"";"";"";"";"";"";"";"";"";
